{"Test_loss":7.471324443817139,"Test_accuracy":0.001953125,"_timestamp":1.75694771538916e+09,"_wandb":{"runtime":254},"_runtime":254,"_step":0}